id,application_id,remediation_available,class,class_readable,status,found,opened,closed,modified,href,location,impact,impact_readable,likelihood,likelihood_readable,rating
605937,11107,"0","Platform.Library.Execution","Unvalidated Automatic Library Activation","Open","Jan 26, 2018 00:42 ( GMT +0530 )","Jan 26, 2018 00:42 ( GMT +0530 )",,"Jun 26, 2018 00:33 ( GMT +0530 )","/api/application/11107/vuln/605937","https://github.com/whitehatsec/WebGoat/opt/whitehat/satellite/applications/11107/69498074/cache/.m2/repository/javax/javaee-api/6.0/javaee-api-6.0.jar",0,"Low",0,"Low","Note"
605938,11107,"1","Session.Timeout.Expiration","Insufficient Session Expiration","Open","Jan 26, 2018 01:35 ( GMT +0530 )","Jan 26, 2018 01:35 ( GMT +0530 )",,"Jan 26, 2018 01:35 ( GMT +0530 )","/api/application/11107/vuln/605938","https://github.com/whitehatsec/WebGoat/webgoat-container/src/main/webapp/WEB-INF/web.xml",3,"Medium",3,"Medium","Medium"
605939,11107,"1","Error.Handler.Global","Application Misconfiguration: Global Error Handling Disabled","Open","Jan 26, 2018 01:36 ( GMT +0530 )","Jan 26, 2018 01:36 ( GMT +0530 )",,"Jan 26, 2018 01:36 ( GMT +0530 )","/api/application/11107/vuln/605939","https://github.com/whitehatsec/WebGoat/webgoat-container/src/main/webapp/WEB-INF/web.xml",3,"Medium",3,"Medium","Medium"
605940,11107,"1","Access.Administration.Interface","Application Misconfiguration: Exposed Axis Administration Servlet","Open","Jan 26, 2018 20:02 ( GMT +0530 )","Jan 26, 2018 20:02 ( GMT +0530 )",,"Jan 26, 2018 20:02 ( GMT +0530 )","/api/application/11107/vuln/605940","https://github.com/whitehatsec/WebGoat/webgoat-container/src/main/webapp/WEB-INF/web.xml",9,"High",9,"High","Critical"
605941,11107,"1","Access.Administration.Interface","Application Misconfiguration: Exposed Axis Administration Servlet","Open","Jan 26, 2018 20:02 ( GMT +0530 )","Jan 26, 2018 20:02 ( GMT +0530 )",,"Jan 26, 2018 20:02 ( GMT +0530 )","/api/application/11107/vuln/605941","https://github.com/whitehatsec/WebGoat/webgoat-container/src/main/webapp/WEB-INF/web.xml",9,"High",9,"High","Critical"
605942,11107,"0","Authentication.Password.Cleartext","Disclosure: Cleartext Password","Open","Jan 26, 2018 22:07 ( GMT +0530 )","Jan 26, 2018 22:07 ( GMT +0530 )",,"Jan 26, 2018 22:07 ( GMT +0530 )","/api/application/11107/vuln/605942","https://github.com/whitehatsec/WebGoat/webgoat-container/src/main/webapp/WEB-INF/server-config.wsdd",3,"Medium",3,"Medium","Medium"
605943,11107,"0","Access.Directory.Listing","Directory Indexing","Open","Jan 26, 2018 01:24 ( GMT +0530 )","Jan 26, 2018 01:24 ( GMT +0530 )",,"Jan 26, 2018 01:24 ( GMT +0530 )","/api/application/11107/vuln/605943","https://github.com/whitehatsec/WebGoat/webgoat-container/src/main/webapp/WEB-INF/web.xml",3,"Medium",5,"Medium","Medium"
605945,11107,"1","Cryptography.Prng.Insecure","Cryptography: Improper Pseudo-Random Number Generator Usage","Open","Jan 26, 2018 19:47 ( GMT +0530 )","Jan 26, 2018 19:47 ( GMT +0530 )",,"Feb 16, 2018 01:34 ( GMT +0530 )","/api/application/11107/vuln/605945","https://github.com/WebGoat/WebGoat-Lessons/weak-session-id/src/main/java/org/owasp/webgoat/plugin/WeakSessionID.java",3,"Medium",3,"Medium","Medium"
605946,11107,"0","Authentication.Password.HardCoded","Disclosure: Hardcoded Password","Open","Jan 26, 2018 21:18 ( GMT +0530 )","Jan 26, 2018 21:18 ( GMT +0530 )",,"Jan 26, 2018 21:18 ( GMT +0530 )","/api/application/11107/vuln/605946","https://github.com/WebGoat/WebGoat-Lessons/weak-authentication-cookie/src/main/java/org/owasp/webgoat/plugin/WeakAuthenticationCookie.java",3,"Medium",3,"Medium","Medium"
605947,11107,"0","Authentication.Password.HardCoded","Disclosure: Hardcoded Password","Open","Jan 26, 2018 21:18 ( GMT +0530 )","Jan 26, 2018 21:18 ( GMT +0530 )",,"Jan 26, 2018 21:18 ( GMT +0530 )","/api/application/11107/vuln/605947","https://github.com/WebGoat/WebGoat-Lessons/weak-authentication-cookie/src/main/java/org/owasp/webgoat/plugin/WeakAuthenticationCookie.java",3,"Medium",3,"Medium","Medium"
605948,11107,"0","Authentication.Password.HardCoded","Disclosure: Hardcoded Password","Open","Jan 26, 2018 21:18 ( GMT +0530 )","Jan 26, 2018 21:18 ( GMT +0530 )",,"Jan 26, 2018 21:18 ( GMT +0530 )","/api/application/11107/vuln/605948","https://github.com/WebGoat/WebGoat-Lessons/fail-open-authentication/src/main/java/org/owasp/webgoat/plugin/FailOpenAuthentication.java",3,"Medium",3,"Medium","Medium"
605949,11107,"0","Authentication.Password.HardCoded","Disclosure: Hardcoded Password","Open","Jan 26, 2018 21:18 ( GMT +0530 )","Jan 26, 2018 21:18 ( GMT +0530 )",,"Jan 26, 2018 21:18 ( GMT +0530 )","/api/application/11107/vuln/605949","https://github.com/WebGoat/WebGoat-Lessons/wsdl-scanning/src/main/java/org/owasp/webgoat/plugin/WSDLScanning.java",3,"Medium",3,"Medium","Medium"
605950,11107,"0","Cryptography.Digest.Insecure","Cryptography: Insecure Digest","Open","Jan 26, 2018 19:52 ( GMT +0530 )","Jan 26, 2018 19:52 ( GMT +0530 )",,"Jan 26, 2018 19:52 ( GMT +0530 )","/api/application/11107/vuln/605950","https://github.com/WebGoat/WebGoat-Lessons/http-only/src/main/java/org/owasp/webgoat/plugin/HttpOnly.java",3,"Medium",3,"Medium","Medium"
605951,11107,"0","Authentication.Password.HardCoded","Disclosure: Hardcoded Password","Open","Jan 26, 2018 21:18 ( GMT +0530 )","Jan 26, 2018 21:18 ( GMT +0530 )",,"Jan 26, 2018 21:18 ( GMT +0530 )","/api/application/11107/vuln/605951","https://github.com/WebGoat/WebGoat-Lessons/challenge/src/main/java/org/owasp/webgoat/plugin/ChallengeScreen.java",3,"Medium",3,"Medium","Medium"
605952,11107,"0","Cryptography.Digest.Insecure","Cryptography: Insecure Digest","Open","Jan 26, 2018 19:52 ( GMT +0530 )","Jan 26, 2018 19:52 ( GMT +0530 )",,"Jan 26, 2018 19:52 ( GMT +0530 )","/api/application/11107/vuln/605952","https://github.com/WebGoat/WebGoat-Lessons/encoding/src/main/java/org/owasp/webgoat/plugin/EncodingLesson.java",3,"Medium",3,"Medium","Medium"
605953,11107,"0","Authentication.Password.HardCoded","Disclosure: Hardcoded Password","Open","Jan 26, 2018 21:18 ( GMT +0530 )","Jan 26, 2018 21:18 ( GMT +0530 )",,"Jan 26, 2018 21:18 ( GMT +0530 )","/api/application/11107/vuln/605953","https://github.com/WebGoat/WebGoat-Lessons/html-clues/src/main/java/org/owasp/webgoat/plugin/HtmlClues.java",3,"Medium",3,"Medium","Medium"
605954,11107,"0","Authentication.Password.HardCoded","Disclosure: Hardcoded Password","Open","Jan 26, 2018 21:18 ( GMT +0530 )","Jan 26, 2018 21:18 ( GMT +0530 )",,"Jan 26, 2018 21:18 ( GMT +0530 )","/api/application/11107/vuln/605954","https://github.com/whitehatsec/WebGoat/webgoat-container/src/main/java/org/owasp/webgoat/session/DatabaseUtilities.java",3,"Medium",3,"Medium","Medium"
605955,11107,"0","Authentication.Password.HardCoded","Disclosure: Hardcoded Password","Open","Jan 26, 2018 21:18 ( GMT +0530 )","Jan 26, 2018 21:18 ( GMT +0530 )",,"Jan 26, 2018 21:18 ( GMT +0530 )","/api/application/11107/vuln/605955","https://github.com/whitehatsec/WebGoat/webgoat-container/src/main/java/org/owasp/webgoat/session/UserDatabase.java",3,"Medium",3,"Medium","Medium"
605956,11107,"1","Session.Id.Disclosure","Information Leakage: Session ID","Open","Jan 26, 2018 19:51 ( GMT +0530 )","Jan 26, 2018 19:51 ( GMT +0530 )",,"Jan 26, 2018 19:51 ( GMT +0530 )","/api/application/11107/vuln/605956","https://github.com/whitehatsec/WebGoat/webgoat-container/src/main/java/org/owasp/webgoat/controller/Start.java",3,"Medium",3,"Medium","Medium"
605957,11107,"1","Access.Directory.Traversal","Path Traversal","Open","Jan 29, 2018 20:23 ( GMT +0530 )","Jan 29, 2018 20:23 ( GMT +0530 )",,"Jan 29, 2018 20:23 ( GMT +0530 )","/api/application/11107/vuln/605957","https://github.com/WebGoat/WebGoat-Lessons/zip-bomb/src/main/java/org/owasp/webgoat/plugin/ZipBomb.java",5,"Medium",5,"Medium","Medium"
605958,11107,"0","Availability.Stream.ReadLine","Denial of Service: ReadLine","Open","Jan 26, 2018 18:52 ( GMT +0530 )","Jan 26, 2018 18:52 ( GMT +0530 )",,"Jan 26, 2018 18:52 ( GMT +0530 )","/api/application/11107/vuln/605958","https://github.com/WebGoat/WebGoat-Lessons/client-side-filtering/src/main/java/org/owasp/webgoat/plugin/ClientSideFiltering.java",3,"Medium",3,"Medium","Medium"
605960,11107,"0","Injection.Database.Sql","SQL Injection","Open","Jan 26, 2018 21:03 ( GMT +0530 )","Jan 26, 2018 21:03 ( GMT +0530 )",,"Jan 26, 2018 21:03 ( GMT +0530 )","/api/application/11107/vuln/605960","https://github.com/WebGoat/WebGoat-Lessons/thread-safety-problem/src/main/java/org/owasp/webgoat/plugin/ThreadSafetyProblem.java",7,"High",7,"High","Critical"
605961,11107,"0","Injection.General","Injection: Unknown Interpreter","Open","Jan 29, 2018 20:56 ( GMT +0530 )","Jan 29, 2018 20:56 ( GMT +0530 )",,"Jan 29, 2018 20:56 ( GMT +0530 )","/api/application/11107/vuln/605961","https://github.com/WebGoat/WebGoat-Lessons/blind-script/src/main/java/org/owasp/webgoat/plugin/BlindScript.java",5,"Medium",1,"Low","Low"
605963,11107,"1","Injection.Database.Sql","SQL Injection","Open","Jan 26, 2018 21:03 ( GMT +0530 )","Jan 26, 2018 21:03 ( GMT +0530 )",,"Jan 26, 2018 21:03 ( GMT +0530 )","/api/application/11107/vuln/605963","https://github.com/WebGoat/WebGoat-Lessons/dos-login/src/main/java/org/owasp/webgoat/plugin/DOS_Login.java",7,"High",7,"High","Critical"
605964,11107,"1","Injection.Database.Sql","SQL Injection","Open","Jan 26, 2018 21:03 ( GMT +0530 )","Jan 26, 2018 21:03 ( GMT +0530 )",,"Jan 26, 2018 21:03 ( GMT +0530 )","/api/application/11107/vuln/605964","https://github.com/WebGoat/WebGoat-Lessons/sql-injection/src/main/java/org/owasp/webgoat/plugin/sqlinjection/ViewProfileSqlInjection.java",7,"High",7,"High","Critical"
605965,11107,"1","Injection.Net.Http.Body","Cross Site Scripting","Open","Jan 29, 2018 22:07 ( GMT +0530 )","Jan 29, 2018 22:07 ( GMT +0530 )",,"Jan 29, 2018 22:07 ( GMT +0530 )","/api/application/11107/vuln/605965","https://github.com/whitehatsec/WebGoat/webgoat-container/src/main/webapp/lesson_content.jsp",5,"Medium",1,"Low","Low"
605966,11107,"1","Cryptography.Persist.Ssn.Unencrypted","Insecure Data Storage: Unencrypted SSN","Open","Jan 26, 2018 22:27 ( GMT +0530 )","Jan 26, 2018 22:27 ( GMT +0530 )",,"Jan 26, 2018 22:27 ( GMT +0530 )","/api/application/11107/vuln/605966","https://github.com/WebGoat/WebGoat-Lessons/db-cross-site-scripting/src/main/java/org/owasp/webgoat/plugin/db_cross_site/UpdateProfileDBCrossSiteScripting.java",7,"High",5,"Medium","High"
605967,11107,"0","Availability.Stream.ReadLine","Denial of Service: ReadLine","Open","Jan 26, 2018 18:52 ( GMT +0530 )","Jan 26, 2018 18:52 ( GMT +0530 )",,"Jan 26, 2018 18:52 ( GMT +0530 )","/api/application/11107/vuln/605967","https://github.com/WebGoat/WebGoat-Lessons/dom-xss/src/main/java/org/owasp/webgoat/plugin/DOMXSS.java",3,"Medium",3,"Medium","Medium"
605968,11107,"0","Cryptography.Persist.Password.Unhashed","Insecure Data Storage: Clear Text Password","Open","Jan 26, 2018 19:40 ( GMT +0530 )","Jan 26, 2018 19:40 ( GMT +0530 )",,"Jan 26, 2018 19:40 ( GMT +0530 )","/api/application/11107/vuln/605968","https://github.com/WebGoat/WebGoat-Lessons/sql-injection/src/main/java/instructor/Login_i.java",7,"High",5,"Medium","High"
605969,11107,"0","Cryptography.Persist.Password.Unhashed","Insecure Data Storage: Clear Text Password","Open","Jan 26, 2018 19:40 ( GMT +0530 )","Jan 26, 2018 19:40 ( GMT +0530 )",,"Jan 26, 2018 19:40 ( GMT +0530 )","/api/application/11107/vuln/605969","https://github.com/WebGoat/WebGoat-Lessons/multi-level-login1/src/main/java/org/owasp/webgoat/plugin/MultiLevelLogin1.java",7,"High",5,"Medium","High"
605970,11107,"1","Injection.Database.Sql","SQL Injection","Open","Jan 26, 2018 21:03 ( GMT +0530 )","Jan 26, 2018 21:03 ( GMT +0530 )",,"Jan 26, 2018 21:03 ( GMT +0530 )","/api/application/11107/vuln/605970","https://github.com/WebGoat/WebGoat-Lessons/ws-sql-injection/src/main/java/org/owasp/webgoat/plugin/WsSqlInjection.java",7,"High",7,"High","Critical"
605971,11107,"1","Injection.Database.Sql","SQL Injection","Open","Jan 26, 2018 21:03 ( GMT +0530 )","Jan 26, 2018 21:03 ( GMT +0530 )",,"Jan 26, 2018 21:03 ( GMT +0530 )","/api/application/11107/vuln/605971","https://github.com/WebGoat/WebGoat-Lessons/sql-numeric-injection/src/main/java/org/owasp/webgoat/plugin/SqlNumericInjection.java",7,"High",7,"High","Critical"
605972,11107,"1","Injection.Database.Sql","SQL Injection","Open","Jan 26, 2018 21:03 ( GMT +0530 )","Jan 26, 2018 21:03 ( GMT +0530 )",,"Jan 26, 2018 21:03 ( GMT +0530 )","/api/application/11107/vuln/605972","https://github.com/WebGoat/WebGoat-Lessons/malicious-file-execution/src/main/java/org/owasp/webgoat/plugin/MaliciousFileExecution.java",7,"High",7,"High","Critical"
605973,11107,"1","Injection.Database.Sql","SQL Injection","Open","Jan 26, 2018 21:03 ( GMT +0530 )","Jan 26, 2018 21:03 ( GMT +0530 )",,"Jan 26, 2018 21:03 ( GMT +0530 )","/api/application/11107/vuln/605973","https://github.com/WebGoat/WebGoat-Lessons/dos-login/src/main/java/org/owasp/webgoat/plugin/DOS_Login.java",7,"High",7,"High","Critical"
605974,11107,"1","Injection.Database.Sql","SQL Injection","Open","Jan 26, 2018 21:03 ( GMT +0530 )","Jan 26, 2018 21:03 ( GMT +0530 )",,"Jan 26, 2018 21:03 ( GMT +0530 )","/api/application/11107/vuln/605974","https://github.com/WebGoat/WebGoat-Lessons/sql-string-injection/src/main/java/org/owasp/webgoat/plugin/SqlStringInjection.java",7,"High",7,"High","Critical"
605975,11107,"1","Cryptography.Persist.Ssn.Unencrypted","Insecure Data Storage: Unencrypted SSN","Open","Jan 26, 2018 22:27 ( GMT +0530 )","Jan 26, 2018 22:27 ( GMT +0530 )",,"Jan 26, 2018 22:27 ( GMT +0530 )","/api/application/11107/vuln/605975","https://github.com/WebGoat/WebGoat-Lessons/role-based-access-control/src/main/java/org/owasp/webgoat/plugin/rollbased/UpdateProfileRoleBasedAccessControl.java",7,"High",5,"Medium","High"
605976,11107,"1","Cryptography.Persist.Ssn.Unencrypted","Insecure Data Storage: Unencrypted SSN","Open","Jan 26, 2018 22:27 ( GMT +0530 )","Jan 26, 2018 22:27 ( GMT +0530 )",,"Jan 26, 2018 22:27 ( GMT +0530 )","/api/application/11107/vuln/605976","https://github.com/WebGoat/WebGoat-Lessons/role-based-access-control/src/main/java/org/owasp/webgoat/plugin/rollbased/UpdateProfileRoleBasedAccessControl.java",7,"High",5,"Medium","High"
605977,11107,"1","Cryptography.Persist.Ccn.Unencrypted","Insecure Data Storage: Unencrypted CCN","Open","Jan 27, 2018 00:26 ( GMT +0530 )","Jan 27, 2018 00:26 ( GMT +0530 )",,"Jan 27, 2018 00:26 ( GMT +0530 )","/api/application/11107/vuln/605977","https://github.com/WebGoat/WebGoat-Lessons/cross-site-scripting/src/main/java/org/owasp/webgoat/plugin/crosssitescripting/UpdateProfileCrossSiteScripting.java",7,"High",5,"Medium","High"
605980,11107,"1","Injection.Database.Sql","SQL Injection","Open","Jan 26, 2018 21:03 ( GMT +0530 )","Jan 26, 2018 21:03 ( GMT +0530 )",,"Jan 26, 2018 21:03 ( GMT +0530 )","/api/application/11107/vuln/605980","https://github.com/WebGoat/WebGoat-Lessons/goat-hills-financial/src/main/java/org/owasp/webgoat/plugin/GoatHillsFinancial/Login.java",7,"High",7,"High","Critical"
605981,11107,"0","Cryptography.Persist.Password.Unhashed","Insecure Data Storage: Clear Text Password","Open","Jan 26, 2018 19:40 ( GMT +0530 )","Jan 26, 2018 19:40 ( GMT +0530 )",,"Jan 26, 2018 19:40 ( GMT +0530 )","/api/application/11107/vuln/605981","https://github.com/WebGoat/WebGoat-Lessons/goat-hills-financial/src/main/java/org/owasp/webgoat/plugin/GoatHillsFinancial/Login.java",7,"High",5,"Medium","High"
605982,11107,"0","Injection.Database.Sql","SQL Injection","Open","Jan 26, 2018 21:03 ( GMT +0530 )","Jan 26, 2018 21:03 ( GMT +0530 )",,"Jan 26, 2018 21:03 ( GMT +0530 )","/api/application/11107/vuln/605982","https://github.com/whitehatsec/WebGoat/webgoat-container/src/main/java/org/owasp/webgoat/lessons/admin/ViewDatabase.java",7,"High",7,"High","Critical"
605983,11107,"1","Cryptography.Persist.Ccn.Unencrypted","Insecure Data Storage: Unencrypted CCN","Open","Jan 27, 2018 00:26 ( GMT +0530 )","Jan 27, 2018 00:26 ( GMT +0530 )",,"Jan 27, 2018 00:26 ( GMT +0530 )","/api/application/11107/vuln/605983","https://github.com/WebGoat/WebGoat-Lessons/db-cross-site-scripting/src/main/java/org/owasp/webgoat/plugin/db_cross_site/UpdateProfileDBCrossSiteScripting.java",7,"High",5,"Medium","High"
605984,11107,"0","Injection.General","Injection: Unknown Interpreter","Open","Jan 29, 2018 20:56 ( GMT +0530 )","Jan 29, 2018 20:56 ( GMT +0530 )",,"Jan 29, 2018 20:56 ( GMT +0530 )","/api/application/11107/vuln/605984","https://github.com/WebGoat/WebGoat-Lessons/silent-transactions/src/main/java/org/owasp/webgoat/plugin/SilentTransactions.java",5,"Medium",7,"High","High"
605985,11107,"1","Injection.Net.Http.Body","Cross Site Scripting","Open","Jan 29, 2018 22:07 ( GMT +0530 )","Jan 29, 2018 22:07 ( GMT +0530 )",,"Jan 29, 2018 22:07 ( GMT +0530 )","/api/application/11107/vuln/605985","https://github.com/whitehatsec/WebGoat/webgoat-container/src/main/webapp/main.jsp",5,"Medium",1,"Low","Low"
605986,11107,"1","Cryptography.Persist.Ccn.Unencrypted","Insecure Data Storage: Unencrypted CCN","Open","Jan 27, 2018 00:26 ( GMT +0530 )","Jan 27, 2018 00:26 ( GMT +0530 )",,"Jan 27, 2018 00:26 ( GMT +0530 )","/api/application/11107/vuln/605986","https://github.com/WebGoat/WebGoat-Lessons/role-based-access-control/src/main/java/org/owasp/webgoat/plugin/rollbased/UpdateProfileRoleBasedAccessControl.java",7,"High",5,"Medium","High"
605988,11107,"1","Cryptography.Persist.Ccn.Unencrypted","Insecure Data Storage: Unencrypted CCN","Open","Jan 27, 2018 00:26 ( GMT +0530 )","Jan 27, 2018 00:26 ( GMT +0530 )",,"Jan 27, 2018 00:26 ( GMT +0530 )","/api/application/11107/vuln/605988","https://github.com/WebGoat/WebGoat-Lessons/db-cross-site-scripting/src/main/java/org/owasp/webgoat/plugin/db_cross_site/UpdateProfileDBCrossSiteScripting.java",7,"High",5,"Medium","High"
605989,11107,"1","Session.Id.Disclosure","Information Leakage: Session ID","Open","Jan 26, 2018 19:51 ( GMT +0530 )","Jan 26, 2018 19:51 ( GMT +0530 )",,"Jan 26, 2018 19:51 ( GMT +0530 )","/api/application/11107/vuln/605989","https://github.com/whitehatsec/WebGoat/webgoat-container/src/main/java/org/owasp/webgoat/controller/Start.java",3,"Medium",3,"Medium","Medium"
605990,11107,"1","Cryptography.Persist.Ccn.Unencrypted","Insecure Data Storage: Unencrypted CCN","Open","Jan 27, 2018 00:26 ( GMT +0530 )","Jan 27, 2018 00:26 ( GMT +0530 )",,"Jan 27, 2018 00:26 ( GMT +0530 )","/api/application/11107/vuln/605990","https://github.com/WebGoat/WebGoat-Lessons/cross-site-scripting/src/main/java/org/owasp/webgoat/plugin/crosssitescripting/UpdateProfileCrossSiteScripting.java",7,"High",5,"Medium","High"
605991,11107,"1","Cryptography.Persist.Ssn.Unencrypted","Insecure Data Storage: Unencrypted SSN","Open","Jan 26, 2018 22:27 ( GMT +0530 )","Jan 26, 2018 22:27 ( GMT +0530 )",,"Jan 26, 2018 22:27 ( GMT +0530 )","/api/application/11107/vuln/605991","https://github.com/WebGoat/WebGoat-Lessons/goat-hills-financial/src/main/java/org/owasp/webgoat/plugin/GoatHillsFinancial/UpdateProfile.java",7,"High",5,"Medium","High"
605992,11107,"1","Cryptography.Persist.Ccn.Unencrypted","Insecure Data Storage: Unencrypted CCN","Open","Jan 27, 2018 00:26 ( GMT +0530 )","Jan 27, 2018 00:26 ( GMT +0530 )",,"Jan 27, 2018 00:26 ( GMT +0530 )","/api/application/11107/vuln/605992","https://github.com/WebGoat/WebGoat-Lessons/goat-hills-financial/src/main/java/org/owasp/webgoat/plugin/GoatHillsFinancial/UpdateProfile.java",7,"High",5,"Medium","High"
605993,11107,"0","Injection.Environment.Reflection","Injection: Environment Reflection","Open","Jan 26, 2018 01:33 ( GMT +0530 )","Jan 26, 2018 01:33 ( GMT +0530 )",,"Jan 26, 2018 01:33 ( GMT +0530 )","/api/application/11107/vuln/605993","https://github.com/WebGoat/WebGoat-Lessons/blind-script/src/main/java/org/owasp/webgoat/plugin/BlindScript.java",3,"Medium",3,"Medium","Medium"
605994,11107,"1","Injection.Net.Mail","Mail Command Injection","Open","Jan 26, 2018 01:02 ( GMT +0530 )","Jan 26, 2018 01:02 ( GMT +0530 )",,"Jan 26, 2018 01:02 ( GMT +0530 )","/api/application/11107/vuln/605994","https://github.com/WebGoat/WebGoat-Lessons/unchecked-email/src/main/java/org/owasp/webgoat/plugin/UncheckedEmail.java",2,"Low",6,"High","Medium"
605995,11107,"0","Injection.Xml.XPath","Injection: XPath","Open","Jan 26, 2018 01:46 ( GMT +0530 )","Jan 26, 2018 01:46 ( GMT +0530 )",,"Jan 26, 2018 01:46 ( GMT +0530 )","/api/application/11107/vuln/605995","https://github.com/WebGoat/WebGoat-Lessons/xpath-injection/src/main/java/org/owasp/webgoat/plugin/XPATHInjection.java",3,"Medium",3,"Medium","Medium"
605996,11107,"1","Cryptography.Persist.Ssn.Unencrypted","Insecure Data Storage: Unencrypted SSN","Open","Jan 26, 2018 22:27 ( GMT +0530 )","Jan 26, 2018 22:27 ( GMT +0530 )",,"Jan 26, 2018 22:27 ( GMT +0530 )","/api/application/11107/vuln/605996","https://github.com/WebGoat/WebGoat-Lessons/db-cross-site-scripting/src/main/java/org/owasp/webgoat/plugin/db_cross_site/UpdateProfileDBCrossSiteScripting.java",7,"High",5,"Medium","High"
605997,11107,"1","Injection.Database.Sql","SQL Injection","Open","Jan 26, 2018 21:03 ( GMT +0530 )","Jan 26, 2018 21:03 ( GMT +0530 )",,"Jan 26, 2018 21:03 ( GMT +0530 )","/api/application/11107/vuln/605997","https://github.com/WebGoat/WebGoat-Lessons/dos-login/src/main/java/org/owasp/webgoat/plugin/DOS_Login.java",7,"High",7,"High","Critical"
605998,11107,"1","Cryptography.Persist.Ssn.Unencrypted","Insecure Data Storage: Unencrypted SSN","Open","Jan 26, 2018 22:27 ( GMT +0530 )","Jan 26, 2018 22:27 ( GMT +0530 )",,"Jan 26, 2018 22:27 ( GMT +0530 )","/api/application/11107/vuln/605998","https://github.com/WebGoat/WebGoat-Lessons/cross-site-scripting/src/main/java/org/owasp/webgoat/plugin/crosssitescripting/UpdateProfileCrossSiteScripting.java",7,"High",5,"Medium","High"
605999,11107,"0","Availability.Stream.ReadLine","Denial of Service: ReadLine","Open","Jan 26, 2018 18:52 ( GMT +0530 )","Jan 26, 2018 18:52 ( GMT +0530 )",,"Jan 26, 2018 18:52 ( GMT +0530 )","/api/application/11107/vuln/605999","https://github.com/whitehatsec/WebGoat/webgoat-container/src/main/java/org/owasp/webgoat/lessons/LessonAdapter.java",3,"Medium",1,"Low","Low"
606000,11107,"1","Injection.Database.Sql","SQL Injection","Open","Jan 26, 2018 21:03 ( GMT +0530 )","Jan 26, 2018 21:03 ( GMT +0530 )",,"Jan 26, 2018 21:03 ( GMT +0530 )","/api/application/11107/vuln/606000","https://github.com/WebGoat/WebGoat-Lessons/back-doors/src/main/java/org/owasp/webgoat/plugin/BackDoors.java",7,"High",7,"High","Critical"
606001,11107,"0","Cryptography.Persist.Password.Unhashed","Insecure Data Storage: Clear Text Password","Open","Jan 26, 2018 19:40 ( GMT +0530 )","Jan 26, 2018 19:40 ( GMT +0530 )",,"Jan 26, 2018 19:40 ( GMT +0530 )","/api/application/11107/vuln/606001","https://github.com/WebGoat/WebGoat-Lessons/insecure-login/src/main/java/org/owasp/webgoat/plugin/InsecureLogin.java",7,"High",5,"Medium","High"
606003,11107,"1","Injection.Os.Shell","OS Command Injection","Open","Jan 26, 2018 19:59 ( GMT +0530 )","Jan 26, 2018 19:59 ( GMT +0530 )",,"Jan 26, 2018 19:59 ( GMT +0530 )","/api/application/11107/vuln/606003","https://github.com/WebGoat/WebGoat-Lessons/common/src/main/java/org/owasp/webgoat/plugin/Exec.java",9,"High",9,"High","Critical"
606005,11107,"1","Injection.Database.Sql","SQL Injection","Open","Jan 26, 2018 21:03 ( GMT +0530 )","Jan 26, 2018 21:03 ( GMT +0530 )",,"Jan 26, 2018 21:03 ( GMT +0530 )","/api/application/11107/vuln/606005","https://github.com/WebGoat/WebGoat-Lessons/blind-numeric-sql-injection/src/main/java/org/owasp/webgoat/plugin/BlindNumericSqlInjection.java",7,"High",7,"High","Critical"
606006,11107,"1","Injection.Database.Sql","SQL Injection","Open","Jan 26, 2018 21:03 ( GMT +0530 )","Jan 26, 2018 21:03 ( GMT +0530 )",,"Jan 26, 2018 21:03 ( GMT +0530 )","/api/application/11107/vuln/606006","https://github.com/WebGoat/WebGoat-Lessons/back-doors/src/main/java/org/owasp/webgoat/plugin/BackDoors.java",7,"High",7,"High","Critical"
606007,11107,"1","Injection.Database.Sql","SQL Injection","Open","Jan 26, 2018 21:03 ( GMT +0530 )","Jan 26, 2018 21:03 ( GMT +0530 )",,"Jan 26, 2018 21:03 ( GMT +0530 )","/api/application/11107/vuln/606007","https://github.com/WebGoat/WebGoat-Lessons/back-doors/src/main/java/org/owasp/webgoat/plugin/BackDoors.java",7,"High",7,"High","Critical"
606008,11107,"1","Cryptography.Persist.Ccn.Unencrypted","Insecure Data Storage: Unencrypted CCN","Open","Jan 27, 2018 00:26 ( GMT +0530 )","Jan 27, 2018 00:26 ( GMT +0530 )",,"Jan 27, 2018 00:26 ( GMT +0530 )","/api/application/11107/vuln/606008","https://github.com/WebGoat/WebGoat-Lessons/role-based-access-control/src/main/java/org/owasp/webgoat/plugin/rollbased/UpdateProfileRoleBasedAccessControl.java",7,"High",5,"Medium","High"
606009,11107,"0","Availability.Stream.ReadLine","Denial of Service: ReadLine","Open","Jan 26, 2018 18:52 ( GMT +0530 )","Jan 26, 2018 18:52 ( GMT +0530 )",,"Jan 26, 2018 18:52 ( GMT +0530 )","/api/application/11107/vuln/606009","https://github.com/whitehatsec/WebGoat/webgoat-container/src/main/java/org/owasp/webgoat/lessons/AbstractLesson.java",3,"Medium",3,"Medium","Medium"
606010,11107,"1","Cryptography.Persist.Ssn.Unencrypted","Insecure Data Storage: Unencrypted SSN","Open","Jan 26, 2018 22:27 ( GMT +0530 )","Jan 26, 2018 22:27 ( GMT +0530 )",,"Jan 26, 2018 22:27 ( GMT +0530 )","/api/application/11107/vuln/606010","https://github.com/WebGoat/WebGoat-Lessons/cross-site-scripting/src/main/java/org/owasp/webgoat/plugin/crosssitescripting/UpdateProfileCrossSiteScripting.java",7,"High",5,"Medium","High"
606012,11107,"0","Cryptography.Persist.Password.Unhashed","Insecure Data Storage: Clear Text Password","Open","Jan 26, 2018 19:40 ( GMT +0530 )","Jan 26, 2018 19:40 ( GMT +0530 )",,"Jan 26, 2018 19:40 ( GMT +0530 )","/api/application/11107/vuln/606012","https://github.com/WebGoat/WebGoat-Lessons/db-sql-injection/src/main/java/org/owasp/webgoat/plugin/dbsqlinjection/LoginDBSQLInjection.java",7,"High",5,"Medium","High"
606013,11107,"1","Injection.Database.Sql","SQL Injection","Open","Jan 26, 2018 21:03 ( GMT +0530 )","Jan 26, 2018 21:03 ( GMT +0530 )",,"Jan 26, 2018 21:03 ( GMT +0530 )","/api/application/11107/vuln/606013","https://github.com/WebGoat/WebGoat-Lessons/sql-injection/src/main/java/org/owasp/webgoat/plugin/sqlinjection/ViewProfileSqlInjection.java",7,"High",7,"High","Critical"
606014,11107,"1","Injection.Database.Sql","SQL Injection","Open","Jan 26, 2018 21:03 ( GMT +0530 )","Jan 26, 2018 21:03 ( GMT +0530 )",,"Jan 26, 2018 21:03 ( GMT +0530 )","/api/application/11107/vuln/606014","https://github.com/WebGoat/WebGoat-Lessons/sql-injection/src/main/java/org/owasp/webgoat/plugin/sqlinjection/LoginSqlInjection.java",7,"High",7,"High","Critical"
606015,11107,"0","Cryptography.Persist.Password.Unhashed","Insecure Data Storage: Clear Text Password","Open","Jan 26, 2018 19:40 ( GMT +0530 )","Jan 26, 2018 19:40 ( GMT +0530 )",,"Jan 26, 2018 19:40 ( GMT +0530 )","/api/application/11107/vuln/606015","https://github.com/WebGoat/WebGoat-Lessons/sql-injection/src/main/java/org/owasp/webgoat/plugin/sqlinjection/LoginSqlInjection.java",7,"High",5,"Medium","High"
606016,11107,"0","Cryptography.Persist.Password.Unhashed","Insecure Data Storage: Clear Text Password","Open","Jan 26, 2018 19:40 ( GMT +0530 )","Jan 26, 2018 19:40 ( GMT +0530 )",,"Jan 26, 2018 19:40 ( GMT +0530 )","/api/application/11107/vuln/606016","https://github.com/WebGoat/WebGoat-Lessons/db-sql-injection/src/main/java/org/owasp/webgoat/plugin/dbsqlinjection/LoginDBSQLInjection.java",7,"High",5,"Medium","High"
606017,11107,"1","Injection.Net.Http.Body","Cross Site Scripting","Open","Jan 29, 2018 22:07 ( GMT +0530 )","Jan 29, 2018 22:07 ( GMT +0530 )",,"Jan 29, 2018 22:07 ( GMT +0530 )","/api/application/11107/vuln/606017","https://github.com/whitehatsec/WebGoat/webgoat-container/src/main/webapp/main.jsp",5,"Medium",1,"Low","Low"
606018,11107,"0","Access.Directory.Traversal","Path Traversal","Open","Jan 29, 2018 20:23 ( GMT +0530 )","Jan 29, 2018 20:23 ( GMT +0530 )",,"Jan 29, 2018 20:23 ( GMT +0530 )","/api/application/11107/vuln/606018","https://github.com/WebGoat/WebGoat-Lessons/path-based-access-control/src/main/java/org/owasp/webgoat/plugin/PathBasedAccessControl.java",5,"Medium",5,"Medium","Medium"
606019,11107,"0","Cryptography.Persist.Password.Unhashed","Insecure Data Storage: Clear Text Password","Open","Jan 26, 2018 19:40 ( GMT +0530 )","Jan 26, 2018 19:40 ( GMT +0530 )",,"Jan 26, 2018 19:40 ( GMT +0530 )","/api/application/11107/vuln/606019","https://github.com/WebGoat/WebGoat-Lessons/session-fixation/src/main/java/org/owasp/webgoat/plugin/SessionFixation.java",7,"High",5,"Medium","High"
606020,11107,"1","Injection.Database.Sql","SQL Injection","Open","Jan 26, 2018 21:03 ( GMT +0530 )","Jan 26, 2018 21:03 ( GMT +0530 )",,"Jan 26, 2018 21:03 ( GMT +0530 )","/api/application/11107/vuln/606020","https://github.com/WebGoat/WebGoat-Lessons/sql-injection/src/main/java/org/owasp/webgoat/plugin/sqlinjection/LoginSqlInjection.java",7,"High",7,"High","Critical"
606021,11107,"0","Cryptography.Persist.Password.Unhashed","Insecure Data Storage: Clear Text Password","Open","Jan 26, 2018 19:40 ( GMT +0530 )","Jan 26, 2018 19:40 ( GMT +0530 )",,"Jan 26, 2018 19:40 ( GMT +0530 )","/api/application/11107/vuln/606021","https://github.com/WebGoat/WebGoat-Lessons/sql-injection/src/main/java/org/owasp/webgoat/plugin/sqlinjection/LoginSqlInjection.java",7,"High",5,"Medium","High"
606022,11107,"1","Injection.Os.Shell","OS Command Injection","Open","Jan 26, 2018 19:59 ( GMT +0530 )","Jan 26, 2018 19:59 ( GMT +0530 )",,"Jan 26, 2018 19:59 ( GMT +0530 )","/api/application/11107/vuln/606022","https://github.com/WebGoat/WebGoat-Lessons/common/src/main/java/org/owasp/webgoat/plugin/Exec.java",9,"High",9,"High","Critical"
606023,11107,"1","Access.Directory.Traversal","Path Traversal","Open","Jan 29, 2018 20:23 ( GMT +0530 )","Jan 29, 2018 20:23 ( GMT +0530 )",,"Jan 29, 2018 20:23 ( GMT +0530 )","/api/application/11107/vuln/606023","https://github.com/WebGoat/WebGoat-Lessons/zip-bomb/src/main/java/org/owasp/webgoat/plugin/ZipBomb.java",5,"Medium",5,"Medium","Medium"
606024,11107,"1","Injection.Database.Sql","SQL Injection","Open","Jan 26, 2018 21:03 ( GMT +0530 )","Jan 26, 2018 21:03 ( GMT +0530 )",,"Jan 26, 2018 21:03 ( GMT +0530 )","/api/application/11107/vuln/606024","https://github.com/WebGoat/WebGoat-Lessons/blind-string-sql-injection/src/main/java/org/owasp/webgoat/plugin/BlindStringSqlInjection.java",7,"High",7,"High","Critical"
606025,11107,"1","Cryptography.Persist.Ssn.Unencrypted","Insecure Data Storage: Unencrypted SSN","Open","Jan 26, 2018 22:27 ( GMT +0530 )","Jan 26, 2018 22:27 ( GMT +0530 )",,"Jan 26, 2018 22:27 ( GMT +0530 )","/api/application/11107/vuln/606025","https://github.com/WebGoat/WebGoat-Lessons/goat-hills-financial/src/main/java/org/owasp/webgoat/plugin/GoatHillsFinancial/UpdateProfile.java",7,"High",5,"Medium","High"
606027,11107,"1","Injection.Database.Sql","SQL Injection","Open","Jan 26, 2018 21:03 ( GMT +0530 )","Jan 26, 2018 21:03 ( GMT +0530 )",,"Jan 26, 2018 21:03 ( GMT +0530 )","/api/application/11107/vuln/606027","https://github.com/WebGoat/WebGoat-Lessons/malicious-file-execution/src/main/java/org/owasp/webgoat/plugin/MaliciousFileExecution.java",7,"High",7,"High","Critical"
606028,11107,"0","Cryptography.Persist.Password.Unhashed","Insecure Data Storage: Clear Text Password","Open","Jan 26, 2018 19:40 ( GMT +0530 )","Jan 26, 2018 19:40 ( GMT +0530 )",,"Jan 26, 2018 19:40 ( GMT +0530 )","/api/application/11107/vuln/606028","https://github.com/WebGoat/WebGoat-Lessons/multi-level-login2/src/main/java/org/owasp/webgoat/plugin/MultiLevelLogin2.java",7,"High",5,"Medium","High"
606030,11107,"1","Injection.Database.Sql","SQL Injection","Open","Jan 26, 2018 21:03 ( GMT +0530 )","Jan 26, 2018 21:03 ( GMT +0530 )",,"Jan 26, 2018 21:03 ( GMT +0530 )","/api/application/11107/vuln/606030","https://github.com/WebGoat/WebGoat-Lessons/dos-login/src/main/java/org/owasp/webgoat/plugin/DOS_Login.java",7,"High",7,"High","Critical"
606031,11107,"1","Cryptography.Persist.Ccn.Unencrypted","Insecure Data Storage: Unencrypted CCN","Open","Jan 27, 2018 00:26 ( GMT +0530 )","Jan 27, 2018 00:26 ( GMT +0530 )",,"Jan 27, 2018 00:26 ( GMT +0530 )","/api/application/11107/vuln/606031","https://github.com/WebGoat/WebGoat-Lessons/goat-hills-financial/src/main/java/org/owasp/webgoat/plugin/GoatHillsFinancial/UpdateProfile.java",7,"High",5,"Medium","High"
606032,11107,"1","Access.Directory.Traversal","Path Traversal","Open","Jan 29, 2018 20:23 ( GMT +0530 )","Jan 29, 2018 20:23 ( GMT +0530 )",,"Jan 29, 2018 20:23 ( GMT +0530 )","/api/application/11107/vuln/606032","https://github.com/whitehatsec/WebGoat/webgoat-container/src/main/java/org/owasp/webgoat/session/LessonTracker.java",5,"Medium",5,"Medium","Medium"
606033,11107,"0","Authentication.Password.HardCoded","Disclosure: Hardcoded Password","Open","Jan 26, 2018 21:18 ( GMT +0530 )","Jan 26, 2018 21:18 ( GMT +0530 )",,"Sep 12, 2018 04:46 ( GMT +0530 )","/api/application/11107/vuln/606033","https://github.com/WebGoat/WebGoat-Lessons/weak-authentication-cookie/src/main/java/org/owasp/webgoat/plugin/WeakAuthenticationCookie.java",3,"Medium",3,"Medium","Medium"
606035,11107,"1","Error.Information.Disclosure","Information Leakage","Open","Jan 26, 2018 18:30 ( GMT +0530 )","Jan 26, 2018 18:30 ( GMT +0530 )",,"Jan 26, 2018 18:30 ( GMT +0530 )","/api/application/11107/vuln/606035","https://github.com/WebGoat/WebGoat-Lessons/client-side-validation/src/main/java/org/owasp/webgoat/plugin/ClientSideValidation.java",0,"Low",0,"Low","Note"
606036,11107,"0","Platform.UnpatchedLibrary","Unpatched Library","Open","Jan 29, 2018 22:53 ( GMT +0530 )","Jan 29, 2018 22:53 ( GMT +0530 )",,"Feb 09, 2018 01:45 ( GMT +0530 )","/api/application/11107/vuln/606036","https://github.com/WebGoat/WebGoat-Lessons/pom.xml/spring-core-3.2.4.RELEASE.jar",5,"Medium",9,"High","High"
606039,11107,"0","Platform.UnpatchedLibrary","Unpatched Library","Open","Jan 29, 2018 22:53 ( GMT +0530 )","Jan 29, 2018 22:53 ( GMT +0530 )",,"Feb 09, 2018 01:45 ( GMT +0530 )","/api/application/11107/vuln/606039","https://github.com/WebGoat/WebGoat-Lessons/pom.xml/standard-1.1.2.jar",4,"Medium",9,"High","High"
606040,11107,"0","Platform.UnpatchedLibrary","Unpatched Library","Open","Jan 29, 2018 22:52 ( GMT +0530 )","Jan 29, 2018 22:52 ( GMT +0530 )",,"Feb 09, 2018 01:45 ( GMT +0530 )","/api/application/11107/vuln/606040","https://github.com/WebGoat/WebGoat-Lessons/pom.xml/commons-beanutils-1.8.3.jar",4,"Medium",9,"High","High"
606041,11107,"0","Platform.UnpatchedLibrary","Unpatched Library","Open","Jan 29, 2018 22:52 ( GMT +0530 )","Jan 29, 2018 22:52 ( GMT +0530 )",,"Feb 09, 2018 01:45 ( GMT +0530 )","/api/application/11107/vuln/606041","https://github.com/WebGoat/WebGoat-Lessons/pom.xml/commons-fileupload-1.3.1.jar",8,"High",9,"High","Critical"
606044,11107,"0","Platform.UnpatchedLibrary","Unpatched Library","Open","Jan 29, 2018 22:53 ( GMT +0530 )","Jan 29, 2018 22:53 ( GMT +0530 )",,"Feb 09, 2018 01:45 ( GMT +0530 )","/api/application/11107/vuln/606044","https://github.com/WebGoat/WebGoat-Lessons/pom.xml/netty-3.5.2.Final.jar",4,"Medium",9,"High","High"
606048,11107,"0","Platform.UnpatchedLibrary","Unpatched Library","Open","Jan 29, 2018 22:53 ( GMT +0530 )","Jan 29, 2018 22:53 ( GMT +0530 )",,"Feb 09, 2018 01:45 ( GMT +0530 )","/api/application/11107/vuln/606048","https://github.com/WebGoat/WebGoat-Lessons/pom.xml/xercesImpl-2.11.0.jar",4,"Medium",9,"High","High"
606050,11107,"0","Platform.UnpatchedLibrary","Unpatched Library","Open","Jan 29, 2018 22:53 ( GMT +0530 )","Jan 29, 2018 22:53 ( GMT +0530 )",,"Feb 09, 2018 01:45 ( GMT +0530 )","/api/application/11107/vuln/606050","https://github.com/WebGoat/WebGoat-Lessons/pom.xml/jetty-io-9.2.12.v20150709.jar",4,"Medium",9,"High","High"
606051,11107,"0","Platform.UnpatchedLibrary","Unpatched Library","Open","Jan 29, 2018 22:53 ( GMT +0530 )","Jan 29, 2018 22:53 ( GMT +0530 )",,"Feb 09, 2018 01:45 ( GMT +0530 )","/api/application/11107/vuln/606051","https://github.com/WebGoat/WebGoat-Lessons/pom.xml/axis-1.4.jar",2,"Low",9,"High","Medium"
606378,11107,"0","Injection.Net.Http.Body","Cross Site Scripting","Open","Jan 29, 2018 22:07 ( GMT +0530 )","Jan 29, 2018 22:07 ( GMT +0530 )",,"Jan 29, 2018 22:07 ( GMT +0530 )","/api/application/11107/vuln/606378","https://github.com/whitehatsec/WebGoat/webgoat-container/src/main/java/org/owasp/webgoat/service/LessonPlanService.java",5,"Medium",1,"Low","Low"
606379,11107,"0","Injection.Net.Http.Body","Cross Site Scripting","Open","Jan 29, 2018 22:07 ( GMT +0530 )","Jan 29, 2018 22:07 ( GMT +0530 )",,"Jan 29, 2018 22:07 ( GMT +0530 )","/api/application/11107/vuln/606379","https://github.com/whitehatsec/WebGoat/webgoat-container/src/main/java/org/owasp/webgoat/service/SolutionService.java",5,"Medium",1,"Low","Low"
617006,11107,"0","Platform.UnpatchedLibrary","Unpatched Library","Open","Jan 29, 2018 22:53 ( GMT +0530 )","Jan 29, 2018 22:53 ( GMT +0530 )",,"Feb 09, 2018 01:45 ( GMT +0530 )","/api/application/11107/vuln/617006","https://github.com/WebGoat/WebGoat-Lessons/pom.xml/commons-collections-3.2.1.jar",8,"High",9,"High","Critical"
646494,11107,"0","Platform.UnpatchedLibrary","Unpatched Library","Open","Mar 24, 2018 04:40 ( GMT +0530 )","Mar 24, 2018 04:40 ( GMT +0530 )",,"Mar 24, 2018 04:40 ( GMT +0530 )","/api/application/11107/vuln/646494","https://github.com/WebGoat/WebGoat-Lessons/pom.xml/jackson-databind-2.6.3.jar",7,"High",9,"High","Critical"
648644,11107,"0","Platform.UnpatchedLibrary","Unpatched Library","Open","Mar 30, 2018 03:48 ( GMT +0530 )","Mar 30, 2018 03:48 ( GMT +0530 )",,"Mar 30, 2018 03:48 ( GMT +0530 )","/api/application/11107/vuln/648644","https://github.com/whitehatsec/WebGoat/webgoat-standalone/pom.xml/tomcat-embed-core-7.0.65.jar",7,"High",4,"Medium","High"